trade_id,entry_time,exit_time,duration_minutes,position_type,entry_price,exit_price,return_pct,gross_pnl_pct,commission_pct,net_pnl_pct,is_winner,cumulative_pnl_pct,cumulative_commission_pct,running_win_rate,running_portfolio_value
1,2021-08-10 23:59:59.999,2021-09-07 15:14:59.999,39795.0,SHORT,45584.99,45859.85,-0.5993477955117615,-0.5993477955117615,0.06,-0.6593477955117616,False,-0.6593477955117616,0.06,0.0,1.0020419452070157
2,2021-09-07 15:14:59.999,2021-09-20 03:59:59.999,18045.0,LONG,45859.85,45542.76,-0.6914327020258386,-0.6914327020258386,0.06,-0.7514327020258386,False,-1.4107804975376002,0.12,0.0,1.0019223184785468
3,2021-09-20 03:59:59.999,2021-09-21 00:54:59.999,1255.0,SHORT,45542.76,41657.24,9.327358221524047,9.327358221524047,0.06,9.267358221524047,True,7.8565777239864465,0.18,33.33333333333333,0.9976205019000653
4,2021-09-21 00:54:59.999,2021-09-24 09:14:59.999,4820.0,LONG,41657.24,43496.89,4.416159111837466,4.416159111837466,0.06,4.356159111837465,True,12.212736835823911,0.24,50.0,0.9978830796582028
5,2021-09-24 09:14:59.999,2021-09-26 11:09:59.999,2995.0,SHORT,43496.89,43142.01,0.8225856885203016,0.8225856885203016,0.06,0.7625856885203015,True,12.975322524344213,0.3,60.0,1.0029478929568327
6,2021-09-26 11:09:59.999,2021-10-01 10:34:59.999,7165.0,LONG,43142.01,46817.13,8.518657336549678,8.518657336549678,0.06,8.458657336549678,True,21.433979860893892,0.36,66.66666666666666,1.0005103290435797
7,2021-10-01 10:34:59.999,2021-10-06 13:19:59.999,7365.0,SHORT,46817.13,54279.21,-13.747584019737946,-13.747584019737946,0.06,-13.807584019737945,False,7.626395841155947,0.42,57.14285714285714,0.9968885484282013
8,2021-10-06 13:19:59.999,2021-10-08 13:59:59.999,2920.0,LONG,54279.21,54178.99,-0.18463791201088073,-0.18463791201088073,0.06,-0.24463791201088073,False,7.381757929145066,0.48,50.0,0.9987644455154315
9,2021-10-08 13:59:59.999,2021-10-28 18:44:59.999,29085.0,SHORT,54178.99,59153.46,-8.409432009556163,-8.409432009556163,0.06,-8.469432009556163,False,-1.0876740804110971,0.54,44.44444444444444,0.9965231922328976
10,2021-10-28 18:44:59.999,2021-11-08 01:19:59.999,14795.0,LONG,59153.46,65148.72,10.135096070458097,10.135096070458097,0.06,10.075096070458097,True,8.987421990047,0.6000000000000001,50.0,0.9956551296717645
11,2021-11-08 01:19:59.999,2021-11-10 21:34:59.999,4095.0,SHORT,65148.72,65193.26,-0.06831994595760493,-0.06831994595760493,0.06,-0.1283199459576049,False,8.859102044089395,0.6600000000000001,45.45454545454545,0.9966437127308213
12,2021-11-10 21:34:59.999,2021-11-12 11:29:59.999,2275.0,LONG,65193.26,63954.62,-1.8999510072053452,-1.8999510072053452,0.06,-1.959951007205345,False,6.89915103688405,0.7200000000000002,41.66666666666667,0.9965003118866353
13,2021-11-12 11:29:59.999,2021-11-16 12:04:59.999,5795.0,SHORT,63954.62,60457.15,5.785039486644675,5.785039486644675,0.06,5.7250394866446745,True,12.624190523528725,0.7800000000000002,46.15384615384615,0.9987966240245192
14,2021-11-16 12:04:59.999,2021-11-19 00:59:59.999,3655.0,LONG,60457.15,57486.87,-4.913033446002663,-4.913033446002663,0.06,-4.973033446002663,False,7.651157077526062,0.8400000000000003,42.857142857142854,0.998388745260693
15,2021-11-19 00:59:59.999,2021-12-04 05:54:59.999,21895.0,SHORT,57486.87,47167.44,21.878291465468553,21.878291465468553,0.06,21.818291465468555,True,29.469448542994616,0.9000000000000004,46.666666666666664,0.9998541949442229
16,2021-12-04 05:54:59.999,2021-12-17 15:14:59.999,19280.0,LONG,47167.44,45704.32,-3.101970342253051,-3.101970342253051,0.06,-3.161970342253051,False,26.307478200741564,0.9600000000000004,43.75,0.9976936689985649
17,2021-12-17 15:14:59.999,2022-01-10 16:04:59.999,34610.0,SHORT,45704.32,40941.41,11.633478182602886,11.633478182602886,0.06,11.573478182602885,True,37.88095638334445,1.0200000000000005,47.05882352941176,0.9970750356197352
18,2022-01-10 16:04:59.999,2022-01-21 01:44:59.999,14980.0,LONG,40941.41,40015.36,-2.2618908337548778,-2.2618908337548778,0.06,-2.321890833754878,False,35.55906554958957,1.0800000000000005,44.44444444444444,0.9943106323367021
19,2022-01-21 01:44:59.999,2022-01-22 00:34:59.999,1370.0,SHORT,40015.36,36593.36,9.35142331832879,9.35142331832879,0.06,9.291423318328789,True,44.85048886791836,1.1400000000000006,47.368421052631575,0.9958788044335759
20,2022-01-22 00:34:59.999,2022-02-04 17:39:59.999,19745.0,LONG,36593.36,40404.13,10.413829175566269,10.413829175566269,0.06,10.353829175566268,True,55.204318043484626,1.2000000000000006,50.0,0.9971564138808394
21,2022-02-04 17:39:59.999,2022-02-22 05:59:59.999,25220.0,SHORT,40404.13,36740.76,9.970860700758491,9.970860700758491,0.06,9.91086070075849,True,65.11517874424311,1.2600000000000007,52.38095238095239,0.9965955446225521
22,2022-02-22 05:59:59.999,2022-02-22 17:09:59.999,670.0,LONG,36740.76,37759.37,2.772424958003048,2.772424958003048,0.06,2.712424958003048,True,67.82760370224617,1.3200000000000007,54.54545454545454,0.996931074453749
23,2022-02-22 17:09:59.999,2022-02-22 18:04:59.999,55.0,SHORT,37759.37,37698.44,0.16162472505493672,0.16162472505493672,0.06,0.10162472505493673,True,67.9292284273011,1.3800000000000008,56.52173913043478,0.9955783462384847
24,2022-02-22 18:04:59.999,2022-02-23 00:59:59.999,415.0,LONG,37698.44,38137.91,1.165751155750745,1.165751155750745,0.06,1.105751155750745,True,69.03497958305184,1.4400000000000008,58.333333333333336,0.9955202771167138
25,2022-02-23 00:59:59.999,2022-02-24 07:59:59.999,1860.0,SHORT,38137.91,35312.05,8.002537377467466,8.002537377467466,0.06,7.942537377467465,True,76.9775169605193,1.5000000000000009,60.0,0.9933210405789472
26,2022-02-24 07:59:59.999,2022-02-24 09:09:59.999,70.0,LONG,35312.05,35604.04,0.8268848735771442,0.8268848735771442,0.06,0.7668848735771443,True,77.74440183409644,1.560000000000001,61.53846153846154,0.9927532303415149
27,2022-02-24 09:09:59.999,2022-02-24 15:59:59.999,410.0,SHORT,35604.04,35919.96,-0.8795110016826251,-0.8795110016826251,0.06,-0.939511001682625,False,76.80489083241382,1.620000000000001,59.25925925925925,0.9943099814976837
28,2022-02-24 15:59:59.999,2022-02-24 16:59:59.999,60.0,LONG,35919.96,36156.98,0.6598559686592192,0.6598559686592192,0.06,0.5998559686592192,True,77.40474680107303,1.680000000000001,60.71428571428571,0.9950959475193192
29,2022-02-24 16:59:59.999,2022-02-24 18:54:59.999,115.0,SHORT,36156.98,36592.06,-1.1890011111700038,-1.1890011111700038,0.06,-1.249001111170004,False,76.15574568990303,1.740000000000001,58.620689655172406,0.9955528993849901
30,2022-02-24 18:54:59.999,2022-02-24 22:29:59.999,215.0,LONG,36592.06,38223.22,4.4576883619014716,4.4576883619014716,0.06,4.397688361901471,True,80.5534340518045,1.8000000000000012,60.0,0.9967875909102242
31,2022-02-24 22:29:59.999,2022-02-28 16:09:59.999,5380.0,SHORT,38223.22,40834.39,-6.394536565870087,-6.394536565870087,0.06,-6.454536565870088,False,74.09889748593442,1.8600000000000012,58.06451612903226,1.0006972949014
32,2022-02-28 16:09:59.999,2022-02-28 16:59:59.999,50.0,LONG,40834.39,41010.09,0.43027457983331474,0.43027457983331474,0.06,0.37027457983331474,True,74.46917206576774,1.9200000000000013,59.375,1.0011486295512007
33,2022-02-28 16:59:59.999,2022-03-01 12:19:59.999,1160.0,SHORT,41010.09,44200.0,-7.216990950226252,-7.216990950226252,0.06,-7.276990950226253,False,67.19218111554149,1.9800000000000013,57.57575757575758,1.0034257844803989
34,2022-03-01 12:19:59.999,2022-03-01 15:29:59.999,190.0,LONG,44200.0,43900.0,-0.6787330316742082,-0.6787330316742082,0.06,-0.7387330316742081,False,66.45344808386727,2.0400000000000014,55.88235294117647,1.0032669520805793
35,2022-03-01 15:29:59.999,2022-03-01 16:24:59.999,55.0,SHORT,43900.0,43878.15,0.049796994631721124,0.049796994631721124,0.06,-0.01020300536827887,False,66.44324507849899,2.1000000000000014,54.285714285714285,1.002223532792129
36,2022-03-01 16:24:59.999,2022-03-02 00:29:59.999,485.0,LONG,43878.15,44233.7,0.8103121941102704,0.8103121941102704,0.06,0.7503121941102704,True,67.19355727260925,2.1600000000000015,55.55555555555556,1.0027130891539582
37,2022-03-02 00:29:59.999,2022-03-02 15:59:59.999,930.0,SHORT,44233.7,44126.52,0.24289248279719383,0.24289248279719383,0.06,0.18289248279719383,True,67.37644975540645,2.2200000000000015,56.75675675675676,1.0035093076381876
38,2022-03-02 15:59:59.999,2022-03-02 16:59:59.999,60.0,LONG,44126.52,44243.19,0.26439882410850785,0.26439882410850785,0.06,0.20439882410850785,True,67.58084857951496,2.2800000000000016,57.89473684210527,1.0029267031380773
39,2022-03-02 16:59:59.999,2022-03-08 17:59:59.999,8700.0,SHORT,44243.19,39071.93,13.235230509473176,13.235230509473176,0.06,13.175230509473176,True,80.75607908898814,2.3400000000000016,58.97435897435898,1.0026689653753649
40,2022-03-08 17:59:59.999,2022-03-09 03:59:59.999,600.0,LONG,39071.93,41217.73,5.491922206044091,5.491922206044091,0.06,5.43192220604409,True,86.18800129503224,2.4000000000000017,60.0,1.0002735912561442
41,2022-03-09 03:59:59.999,2022-03-10 15:59:59.999,2160.0,SHORT,41217.73,39179.54,5.202179504915072,5.202179504915072,0.06,5.142179504915071,True,91.33018079994731,2.4600000000000017,60.97560975609756,0.9993393739978383
42,2022-03-10 15:59:59.999,2022-03-10 17:04:59.999,65.0,LONG,39179.54,39125.51,-0.13790360989434494,-0.13790360989434494,0.06,-0.19790360989434494,False,91.13227719005297,2.520000000000002,59.523809523809526,1.001237053512676
43,2022-03-10 17:04:59.999,2022-03-16 02:24:59.999,7760.0,SHORT,39125.51,41345.5,-5.36936305039242,-5.36936305039242,0.06,-5.42936305039242,False,85.70291413966055,2.580000000000002,58.139534883720934,0.9994327391079884
44,2022-03-16 02:24:59.999,2022-03-16 03:59:59.999,95.0,LONG,41345.5,39160.0,-5.285944056789735,-5.285944056789735,0.06,-5.345944056789736,False,80.35697008287082,2.640000000000002,56.81818181818182,1.0003581276039948
45,2022-03-16 03:59:59.999,2022-03-16 18:04:59.999,845.0,SHORT,39160.0,39908.6,-1.8757861714016493,-1.8757861714016493,0.06,-1.9357861714016493,False,78.42118391146917,2.700000000000002,55.55555555555556,1.0011024441396772
46,2022-03-16 18:04:59.999,2022-03-16 20:24:59.999,140.0,LONG,39908.6,41176.17,3.176182577188876,3.176182577188876,0.06,3.116182577188876,True,81.53736648865805,2.760000000000002,56.52173913043478,0.9998669186995827
47,2022-03-16 20:24:59.999,2022-03-16 20:59:59.999,35.0,SHORT,41176.17,41246.0,-0.16930126557727232,-0.16930126557727232,0.06,-0.22930126557727232,False,81.30806522308077,2.820000000000002,55.319148936170215,0.9986436304393222
48,2022-03-16 20:59:59.999,2022-03-16 23:09:59.999,130.0,LONG,41246.0,40924.99,-0.7782815303302187,-0.7782815303302187,0.06,-0.8382815303302187,False,80.46978369275055,2.880000000000002,54.166666666666664,0.9996853068048149
49,2022-03-16 23:09:59.999,2022-04-26 18:04:59.999,58735.0,SHORT,40924.99,38275.01,6.923525297576659,6.923525297576659,0.06,6.8635252975766585,True,87.33330899032721,2.940000000000002,55.10204081632652,0.999364138160464
50,2022-04-26 18:04:59.999,2022-04-26 23:29:59.999,325.0,LONG,38275.01,37953.15,-0.8409142153065423,-0.8409142153065423,0.06,-0.9009142153065423,False,86.43239477502067,3.000000000000002,54.0,0.9976657113477531
51,2022-04-26 23:29:59.999,2022-05-05 16:34:59.999,12545.0,SHORT,37953.15,36998.98,2.578908932084069,2.578908932084069,0.06,2.5189089320840687,True,88.95130370710474,3.0600000000000023,54.90196078431373,0.9978857017636247
52,2022-05-05 16:34:59.999,2022-05-05 17:04:59.999,30.0,LONG,36998.98,37084.84,0.23206045139620957,0.23206045139620957,0.06,0.17206045139620957,True,89.12336415850095,3.1200000000000023,55.769230769230774,0.9977983056748057
53,2022-05-05 17:04:59.999,2022-05-05 18:34:59.999,90.0,SHORT,37084.84,36258.85,2.2780369482209113,2.2780369482209113,0.06,2.2180369482209117,True,91.34140110672186,3.1800000000000024,56.60377358490566,0.9978415648253146
54,2022-05-05 18:34:59.999,2022-05-05 19:29:59.999,55.0,LONG,36258.85,35835.91,-1.1664462607059933,-1.1664462607059933,0.06,-1.2264462607059934,False,90.11495484601586,3.2400000000000024,55.55555555555556,0.9978409093556544
55,2022-05-05 19:29:59.999,2022-05-05 20:59:59.999,90.0,SHORT,35835.91,36466.44,-1.7290692483280485,-1.7290692483280485,0.06,-1.7890692483280484,False,88.32588559768782,3.3000000000000025,54.54545454545454,0.9993200894822891
56,2022-05-05 20:59:59.999,2022-05-05 23:59:59.999,180.0,LONG,36466.44,36552.97,0.23728666686410527,0.23728666686410527,0.06,0.17728666686410527,True,88.50317226455192,3.3600000000000025,55.35714285714286,1.0009076325955701
57,2022-05-05 23:59:59.999,2022-05-08 18:29:59.999,3990.0,SHORT,36552.97,34221.56,6.812693518355106,6.812693518355106,0.06,6.752693518355106,True,95.25586578290702,3.4200000000000026,56.14035087719298,0.9990403286061692
58,2022-05-08 18:29:59.999,2022-05-08 19:09:59.999,40.0,LONG,34221.56,34547.88,0.9535509193619454,0.9535509193619454,0.06,0.8935509193619453,True,96.14941670226897,3.4800000000000026,56.896551724137936,0.9973567526239221
59,2022-05-08 19:09:59.999,2022-05-09 18:04:59.999,1375.0,SHORT,34547.88,31330.79,10.268141977907344,10.268141977907344,0.06,10.208141977907344,True,106.35755868017631,3.5400000000000027,57.6271186440678,0.9980135461155678
60,2022-05-09 18:04:59.999,2022-05-09 19:04:59.999,60.0,LONG,31330.79,30633.51,-2.2255423498737263,-2.2255423498737263,0.06,-2.2855423498737264,False,104.07201633030259,3.6000000000000028,56.666666666666664,0.9989257967282995
61,2022-05-09 19:04:59.999,2022-05-09 20:59:59.999,115.0,SHORT,30633.51,30954.25,-1.0361743540870854,-1.0361743540870854,0.06,-1.0961743540870852,False,102.9758419762155,3.660000000000003,55.73770491803278,0.9968109205284406
62,2022-05-09 20:59:59.999,2022-05-09 23:49:59.999,170.0,LONG,30954.25,30182.67,-2.492646405582438,-2.492646405582438,0.06,-2.552646405582438,False,100.42319557063307,3.720000000000003,54.83870967741935,0.9989422193808485
63,2022-05-09 23:49:59.999,2022-05-10 00:19:59.999,30.0,SHORT,30182.67,30077.57,0.3494298242843373,0.3494298242843373,0.06,0.2894298242843373,True,100.71262539491741,3.780000000000003,55.55555555555556,0.9991005614489408
64,2022-05-10 00:19:59.999,2022-05-13 04:54:59.999,4595.0,LONG,30077.57,30411.66,1.1107612749301228,1.1107612749301228,0.06,1.0507612749301227,True,101.76338666984753,3.840000000000003,56.25,0.9988334020025182
65,2022-05-13 04:54:59.999,2022-05-13 18:39:59.999,825.0,SHORT,30411.66,29791.6,2.0813249372306335,2.0813249372306335,0.06,2.0213249372306334,True,103.78471160707817,3.900000000000003,56.92307692307692,0.9973877490306003
66,2022-05-13 18:39:59.999,2022-05-13 22:09:59.999,210.0,LONG,29791.6,30096.09,1.0220666228064341,1.0220666228064341,0.06,0.9620666228064342,True,104.7467782298846,3.960000000000003,57.57575757575758,0.9975281301166437
67,2022-05-13 22:09:59.999,2022-05-14 16:54:59.999,1125.0,SHORT,30096.09,29488.5,2.0604303372501147,2.0604303372501147,0.06,2.000430337250115,True,106.7472085671347,4.020000000000003,58.2089552238806,0.9965645974351606
68,2022-05-14 16:54:59.999,2022-05-14 20:44:59.999,230.0,LONG,29488.5,29375.08,-0.38462451464129493,-0.38462451464129493,0.06,-0.44462451464129493,False,106.30258405249342,4.080000000000003,57.35294117647059,0.9959443157740828
69,2022-05-14 20:44:59.999,2022-05-15 18:49:59.999,1325.0,SHORT,29375.08,30251.25,-2.896310069831819,-2.896310069831819,0.06,-2.956310069831819,False,103.3462739826616,4.140000000000002,56.52173913043478,0.9950153397157743
70,2022-05-15 18:49:59.999,2022-05-16 00:59:59.999,370.0,LONG,30251.25,31111.5,2.843684145283253,2.843684145283253,0.06,2.783684145283253,True,106.12995812794486,4.200000000000002,57.14285714285714,0.9949128063438537
71,2022-05-16 00:59:59.999,2022-05-16 12:34:59.999,695.0,SHORT,31111.5,30143.43,3.2115456004840843,3.2115456004840843,0.06,3.151545600484084,True,109.28150372842894,4.260000000000002,57.74647887323944,0.9950944264964793
72,2022-05-16 12:34:59.999,2022-05-18 23:59:59.999,3565.0,LONG,30143.43,28715.32,-4.73771564815285,-4.73771564815285,0.06,-4.797715648152851,False,104.4837880802761,4.320000000000001,56.94444444444444,0.9950068668777287
73,2022-05-18 23:59:59.999,2022-05-19 15:59:59.999,960.0,SHORT,28715.32,30389.45,-5.508918391086383,-5.508918391086383,0.06,-5.568918391086384,False,98.91486968918971,4.380000000000001,56.16438356164384,0.9929100489751767
74,2022-05-19 15:59:59.999,2022-05-19 17:24:59.999,85.0,LONG,30389.45,30079.99,-1.0183139214431294,-1.0183139214431294,0.06,-1.0783139214431294,False,97.83655576774659,4.44,55.4054054054054,0.9943553253206789
75,2022-05-19 17:24:59.999,2022-05-24 15:59:59.999,7115.0,SHORT,30079.99,29382.31,2.3744899567120497,2.3744899567120497,0.06,2.3144899567120496,True,100.15104572445864,4.5,56.00000000000001,0.9934786884148722
76,2022-05-24 15:59:59.999,2022-05-25 00:59:59.999,540.0,LONG,29382.31,29625.21,0.8266878948591782,0.8266878948591782,0.06,0.7666878948591782,True,100.91773361931781,4.56,56.57894736842105,0.9942739697332266
77,2022-05-25 00:59:59.999,2022-05-26 15:59:59.999,2340.0,SHORT,29625.21,29393.1,0.7896751278361268,0.7896751278361268,0.06,0.7296751278361269,True,101.64740874715395,4.619999999999999,57.14285714285714,0.9907593646669784
78,2022-05-26 15:59:59.999,2022-05-26 17:19:59.999,80.0,LONG,29393.1,29535.33,0.48388907600764536,0.48388907600764536,0.06,0.42388907600764536,True,102.07129782316159,4.679999999999999,57.692307692307686,0.9911008906601705
79,2022-05-26 17:19:59.999,2022-05-30 21:24:59.999,6005.0,SHORT,29535.33,31938.55,-7.524511914285394,-7.524511914285394,0.06,-7.584511914285394,False,94.48678590887619,4.739999999999998,56.9620253164557,0.988794517046286
80,2022-05-30 21:24:59.999,2022-05-30 22:04:59.999,40.0,LONG,31938.55,31695.65,-0.7605229417114986,-0.7605229417114986,0.06,-0.8205229417114986,False,93.66626296716468,4.799999999999998,56.25,0.9863920888095231
81,2022-05-30 22:04:59.999,2022-05-31 15:59:59.999,1075.0,SHORT,31695.65,32058.53,-1.131929629961191,-1.131929629961191,0.06,-1.191929629961191,False,92.47433333720349,4.859999999999998,55.55555555555556,0.9919955755051854
82,2022-05-31 15:59:59.999,2022-06-01 01:04:59.999,545.0,LONG,32058.53,31883.77,-0.545127926951106,-0.545127926951106,0.06,-0.605127926951106,False,91.86920541025238,4.919999999999997,54.87804878048781,0.9915431770764088
83,2022-06-01 01:04:59.999,2022-06-01 18:09:59.999,1025.0,SHORT,31883.77,30243.36,5.424033572989244,5.424033572989244,0.06,5.364033572989244,True,97.23323898324162,4.979999999999997,55.42168674698795,0.9879524977654095
84,2022-06-01 18:09:59.999,2022-06-01 20:39:59.999,150.0,LONG,30243.36,29500.0,-2.4579279550949384,-2.4579279550949384,0.06,-2.5179279550949385,False,94.71531102814669,5.0399999999999965,54.761904761904766,0.9889610328257445
85,2022-06-01 20:39:59.999,2022-06-02 15:59:59.999,1160.0,SHORT,29500.0,30212.73,-2.3590387230812957,-2.3590387230812957,0.06,-2.4190387230812957,False,92.29627230506539,5.099999999999996,54.11764705882353,0.9835073468059373
86,2022-06-02 15:59:59.999,2022-06-02 17:24:59.999,85.0,LONG,30212.73,30254.7,0.13891495406075904,0.13891495406075904,0.06,0.07891495406075906,True,92.37518725912615,5.159999999999996,54.65116279069767,0.984592330750392
87,2022-06-02 17:24:59.999,2022-06-07 03:19:59.999,6355.0,SHORT,30254.7,29485.07,2.6102362992524726,2.6102362992524726,0.06,2.5502362992524725,True,94.92542355837863,5.219999999999995,55.172413793103445,0.9826065015538616
88,2022-06-07 03:19:59.999,2022-06-08 01:19:59.999,1320.0,LONG,29485.07,30971.03,5.0397031446762695,5.0397031446762695,0.06,4.979703144676269,True,99.90512670305489,5.279999999999995,55.68181818181818,0.9848761895489426
89,2022-06-08 01:19:59.999,2022-06-08 06:09:59.999,290.0,SHORT,30971.03,30556.12,1.3578621893093752,1.3578621893093752,0.06,1.2978621893093754,True,101.20298889236426,5.3399999999999945,56.17977528089888,0.9854077475206039
90,2022-06-08 06:09:59.999,2022-06-09 01:04:59.999,1135.0,LONG,30556.12,30283.35,-0.892685327849218,-0.892685327849218,0.06,-0.9526853278492179,False,100.25030356451504,5.399999999999994,55.55555555555556,0.984198519079877
91,2022-06-09 01:04:59.999,2022-06-09 16:04:59.999,900.0,SHORT,30283.35,30275.26,0.026721488106130703,0.026721488106130703,0.06,-0.033278511893869295,False,100.21702505262117,5.459999999999994,54.94505494505495,0.9848236186394044
92,2022-06-09 16:04:59.999,2022-06-09 17:14:59.999,70.0,LONG,30275.26,30319.56,0.14632409432653232,0.14632409432653232,0.06,0.08632409432653233,True,100.3033491469477,5.519999999999993,55.434782608695656,0.9849964639495634
93,2022-06-09 17:14:59.999,2022-06-11 18:04:59.999,2930.0,SHORT,30319.56,28488.5,6.427365428155225,6.427365428155225,0.06,6.3673654281552245,True,106.67071457510292,5.579999999999993,55.91397849462365,0.9842992810524283
94,2022-06-11 18:04:59.999,2022-06-11 23:59:59.999,355.0,LONG,28488.5,28424.7,-0.22395001491829783,-0.22395001491829783,0.06,-0.2839500149182978,False,106.38676456018462,5.639999999999993,55.319148936170215,0.9847850985804759
95,2022-06-11 23:59:59.999,2022-06-12 15:59:59.999,960.0,SHORT,28424.7,28094.42,1.175607113441041,1.175607113441041,0.06,1.115607113441041,True,107.50237167362566,5.699999999999992,55.78947368421052,0.9842622900835566
96,2022-06-12 15:59:59.999,2022-06-12 17:44:59.999,105.0,LONG,28094.42,28142.88,0.172489768430894,0.172489768430894,0.06,0.11248976843089399,True,107.61486144205655,5.759999999999992,56.25,0.9832157910430043
97,2022-06-12 17:44:59.999,2022-06-13 04:29:59.999,645.0,SHORT,28142.88,26095.04,7.847621616981618,7.847621616981618,0.06,7.7876216169816175,True,115.40248305903816,5.819999999999991,56.70103092783505,0.9806417499248447
98,2022-06-13 04:29:59.999,2022-06-13 09:04:59.999,275.0,LONG,26095.04,24141.08,-7.487859761855123,-7.487859761855123,0.06,-7.547859761855123,False,107.85462329718304,5.879999999999991,56.12244897959183,0.9837829346324556
99,2022-06-13 09:04:59.999,2022-06-13 11:09:59.999,125.0,SHORT,24141.08,23880.59,1.0908021954231515,1.0908021954231515,0.06,1.0308021954231517,True,108.88542549260619,5.939999999999991,56.56565656565656,0.9855854873533145
100,2022-06-13 11:09:59.999,2022-06-13 14:59:59.999,230.0,LONG,23880.59,22804.62,-4.505625698527553,-4.505625698527553,0.06,-4.565625698527554,False,104.31979979407863,5.99999999999999,56.00000000000001,0.9874605553281561
101,2022-06-13 14:59:59.999,2022-06-13 15:49:59.999,50.0,SHORT,22804.62,23292.34,-2.0939072673677317,-2.0939072673677317,0.06,-2.1539072673677317,False,102.1658925267109,6.05999999999999,55.44554455445545,0.9895322473112178
102,2022-06-13 15:49:59.999,2022-06-17 00:59:59.999,4870.0,LONG,23292.34,20363.63,-12.57370448825665,-12.57370448825665,0.06,-12.633704488256651,False,89.53218803845425,6.1199999999999894,54.90196078431373,0.9866297768921378
103,2022-06-17 00:59:59.999,2022-06-18 07:59:59.999,1860.0,SHORT,20363.63,19258.58,5.7379619888901425,5.7379619888901425,0.06,5.677961988890142,True,95.2101500273444,6.179999999999989,55.33980582524271,0.9886507920801737
104,2022-06-18 07:59:59.999,2022-06-20 01:14:59.999,2475.0,LONG,19258.58,19882.3,3.2386603789064274,3.2386603789064274,0.06,3.178660378906427,True,98.38881040625083,6.239999999999989,55.769230769230774,0.988033250533461
105,2022-06-20 01:14:59.999,2022-06-20 02:14:59.999,60.0,SHORT,19882.3,19980.83,-0.4931226580677702,-0.4931226580677702,0.06,-0.5531226580677703,False,97.83568774818306,6.299999999999988,55.23809523809524,0.9872389346749162
106,2022-06-20 02:14:59.999,2022-06-24 00:24:59.999,5650.0,LONG,19980.83,21065.45,5.428303028452766,5.428303028452766,0.06,5.3683030284527655,True,103.20399077663583,6.359999999999988,55.660377358490564,0.9870114277985247
107,2022-06-24 00:24:59.999,2022-06-27 18:24:59.999,5400.0,SHORT,21065.45,20872.4,0.9249056169870224,0.9249056169870224,0.06,0.8649056169870224,True,104.06889639362285,6.4199999999999875,56.074766355140184,0.9855624670704674
108,2022-06-27 18:24:59.999,2022-06-30 01:09:59.999,3285.0,LONG,20872.4,20066.9,-3.8591632969854928,-3.8591632969854928,0.06,-3.919163296985493,False,100.14973309663736,6.479999999999987,55.55555555555556,0.9865133744365099
109,2022-06-30 01:09:59.999,2022-06-30 12:04:59.999,655.0,SHORT,20066.9,19099.36,5.065824195156282,5.065824195156282,0.06,5.005824195156282,True,105.15555729179364,6.539999999999987,55.96330275229357,0.9854092390749649
110,2022-06-30 12:04:59.999,2022-06-30 23:59:59.999,715.0,LONG,19099.36,19942.21,4.412975094453419,4.412975094453419,0.06,4.352975094453418,True,109.50853238624705,6.599999999999986,56.36363636363636,0.987274438627075
111,2022-06-30 23:59:59.999,2022-07-04 12:04:59.999,5045.0,SHORT,19942.21,19842.91,0.5004306324021994,0.5004306324021994,0.06,0.44043063240219943,True,109.94896301864925,6.659999999999986,56.75675675675676,0.9892907964961393
112,2022-07-04 12:04:59.999,2022-07-06 01:19:59.999,2235.0,LONG,19842.91,20205.31,1.8263450270146944,1.8263450270146944,0.06,1.7663450270146943,True,111.71530804566395,6.7199999999999855,57.14285714285714,0.9885236196100758
113,2022-07-06 01:19:59.999,2022-07-06 05:59:59.999,280.0,SHORT,20205.31,20048.08,0.7842646278346832,0.7842646278346832,0.06,0.7242646278346832,True,112.43957267349863,6.779999999999985,57.52212389380531,0.9876450298311331
114,2022-07-06 05:59:59.999,2022-07-07 01:04:59.999,1145.0,LONG,20048.08,20506.41,2.2861540855782603,2.2861540855782603,0.06,2.2261540855782602,True,114.66572675907689,6.839999999999985,57.89473684210527,0.9859422259929873
115,2022-07-07 01:04:59.999,2022-07-07 15:59:59.999,895.0,SHORT,20506.41,20888.44,-1.8289063233060912,-1.8289063233060912,0.06,-1.8889063233060912,False,112.7768204357708,6.899999999999984,57.391304347826086,0.9856609502648134
116,2022-07-07 15:59:59.999,2022-07-07 23:59:59.999,480.0,LONG,20888.44,21624.98,3.526065134591195,3.526065134591195,0.06,3.4660651345911946,True,116.24288557036199,6.959999999999984,57.758620689655174,0.9848742739112007
117,2022-07-07 23:59:59.999,2022-07-09 18:14:59.999,2535.0,SHORT,21624.98,21808.64,-0.8421432973353673,-0.8421432973353673,0.06,-0.9021432973353674,False,115.34074227302662,7.019999999999984,57.26495726495726,0.9853864400941452
118,2022-07-09 18:14:59.999,2022-07-09 20:19:59.999,125.0,LONG,21808.64,21616.63,-0.8804308751027043,-0.8804308751027043,0.06,-0.9404308751027043,False,114.40031139792391,7.079999999999983,56.779661016949156,0.9869932574299572
119,2022-07-09 20:19:59.999,2022-07-12 02:29:59.999,3250.0,SHORT,21616.63,19950.88,8.349255772176464,8.349255772176464,0.06,8.289255772176464,True,122.68956717010037,7.139999999999983,57.14285714285714,0.9878154410586846
120,2022-07-12 02:29:59.999,2022-07-14 00:59:59.999,2790.0,LONG,19950.88,20306.05,1.7802222257865228,1.7802222257865228,0.06,1.720222225786523,True,124.4097893958869,7.199999999999982,57.49999999999999,0.9883478194947654
121,2022-07-14 00:59:59.999,2022-07-14 15:54:59.999,895.0,SHORT,20306.05,20366.32,-0.2959297506864295,-0.2959297506864295,0.06,-0.3559297506864295,False,124.05385964520048,7.259999999999982,57.02479338842975,0.9874342380183057
122,2022-07-14 15:54:59.999,2022-07-15 00:59:59.999,545.0,LONG,20366.32,20397.79,0.15451981506723436,0.15451981506723436,0.06,0.09451981506723436,True,124.1483794602677,7.319999999999982,57.377049180327866,0.9872395762899483
123,2022-07-15 00:59:59.999,2022-07-16 16:19:59.999,2360.0,SHORT,20397.79,21167.91,-3.6381484993086186,-3.6381484993086186,0.06,-3.698148499308619,False,120.45023096095909,7.379999999999981,56.91056910569105,0.9866870270745421
124,2022-07-16 16:19:59.999,2022-07-16 20:14:59.999,235.0,LONG,21167.91,21082.56,-0.40320466215133444,-0.40320466215133444,0.06,-0.46320466215133443,False,119.98702629880775,7.439999999999981,56.451612903225815,0.9861265603590711
125,2022-07-16 20:14:59.999,2022-07-18 16:04:59.999,2630.0,SHORT,21082.56,22528.84,-6.419682504736146,-6.419682504736146,0.06,-6.479682504736147,False,113.5073437940716,7.4999999999999805,56.00000000000001,0.9857080671508031
126,2022-07-18 16:04:59.999,2022-07-18 17:29:59.999,85.0,LONG,22528.84,22134.99,-1.7482036358729458,-1.7482036358729458,0.06,-1.8082036358729459,False,111.69914015819866,7.55999999999998,55.55555555555556,0.9903888006709317
127,2022-07-18 17:29:59.999,2022-07-18 17:59:59.999,30.0,SHORT,22134.99,21878.06,1.174372864870104,1.174372864870104,0.06,1.114372864870104,True,112.81351302306877,7.61999999999998,55.90551181102362,0.9881337279755195
128,2022-07-18 17:59:59.999,2022-07-19 01:04:59.999,425.0,LONG,21878.06,22342.16,2.1213032599782546,2.1213032599782546,0.06,2.0613032599782546,True,114.87481628304702,7.679999999999979,56.25,0.9901484376551466
129,2022-07-19 01:04:59.999,2022-07-19 01:59:59.999,55.0,SHORT,22342.16,22054.99,1.3020636146286997,1.3020636146286997,0.06,1.2420636146286996,True,116.11687989767573,7.739999999999979,56.58914728682171,0.989097978278671
130,2022-07-19 01:59:59.999,2022-07-20 00:59:59.999,1380.0,LONG,22054.99,23034.49,4.441171816446074,4.441171816446074,0.06,4.381171816446074,True,120.4980517141218,7.7999999999999785,56.92307692307692,0.9885570715909856
131,2022-07-20 00:59:59.999,2022-07-20 11:59:59.999,660.0,SHORT,23034.49,23728.55,-2.9249996312458943,-2.9249996312458943,0.06,-2.9849996312458944,False,117.5130520828759,7.859999999999978,56.48854961832062,0.9882830893527867
132,2022-07-20 11:59:59.999,2022-07-20 17:09:59.999,310.0,LONG,23728.55,23620.55,-0.4551479125357428,-0.4551479125357428,0.06,-0.5151479125357428,False,116.99790417034016,7.919999999999978,56.060606060606055,0.9897759657313252
133,2022-07-20 17:09:59.999,2022-07-20 18:04:59.999,55.0,SHORT,23620.55,23604.23,0.06914014987991436,0.06914014987991436,0.06,0.009140149879914366,True,117.00704432022007,7.979999999999977,56.390977443609025,0.9883966942261678
134,2022-07-20 18:04:59.999,2022-07-21 00:59:59.999,415.0,LONG,23604.23,23249.7,-1.5019765525077449,-1.5019765525077449,0.06,-1.5619765525077447,False,115.44506776771233,8.039999999999978,55.970149253731336,0.9870650877329774
135,2022-07-21 00:59:59.999,2022-07-21 15:59:59.999,900.0,SHORT,23249.7,22642.34,2.682408266990075,2.682408266990075,0.06,2.622408266990075,True,118.06747603470241,8.099999999999978,56.2962962962963,0.9877903894907503
136,2022-07-21 15:59:59.999,2022-07-21 17:54:59.999,115.0,LONG,22642.34,22841.66,0.8802977077457528,0.8802977077457528,0.06,0.8202977077457528,True,118.88777374244816,8.159999999999979,56.61764705882353,0.9873666324987426
137,2022-07-21 17:54:59.999,2022-07-21 17:59:59.999,5.0,SHORT,22841.66,22852.28,-0.046472387000329865,-0.046472387000329865,0.06,-0.10647238700032986,False,118.78130135544784,8.21999999999998,56.20437956204379,0.9878762552787633
138,2022-07-21 17:59:59.999,2022-07-22 00:09:59.999,370.0,LONG,22852.28,23111.49,1.1342850691484736,1.1342850691484736,0.06,1.0742850691484735,True,119.85558642459631,8.27999999999998,56.52173913043478,0.9876769239421836
139,2022-07-22 00:09:59.999,2022-07-25 21:04:59.999,5575.0,SHORT,23111.49,22143.75,4.370262489415756,4.370262489415756,0.06,4.310262489415756,True,124.16584891401206,8.33999999999998,56.83453237410072,0.9886492906965939
140,2022-07-25 21:04:59.999,2022-07-25 23:49:59.999,165.0,LONG,22143.75,21318.29,-3.727733559130676,-3.727733559130676,0.06,-3.7877335591306767,False,120.37811535488139,8.39999999999998,56.42857142857143,0.9901456409210143
141,2022-07-25 23:49:59.999,2022-07-26 02:39:59.999,170.0,SHORT,21318.29,21078.0,1.1400037954265152,1.1400037954265152,0.06,1.0800037954265151,True,121.45811915030791,8.459999999999981,56.73758865248227,0.989627227340806
142,2022-07-26 02:39:59.999,2022-07-28 00:59:59.999,2780.0,LONG,21078.0,22785.32,8.100009488566275,8.100009488566275,0.06,8.040009488566275,True,129.4981286388742,8.519999999999982,57.04225352112676,0.9926786236952535
143,2022-07-28 00:59:59.999,2022-07-28 02:54:59.999,115.0,SHORT,22785.32,23417.45,-2.6993972443626486,-2.6993972443626486,0.06,-2.759397244362648,False,126.73873139451155,8.579999999999982,56.64335664335665,0.9925257691635027
144,2022-07-28 02:54:59.999,2022-07-28 04:24:59.999,90.0,LONG,23417.45,23140.51,-1.182622360675489,-1.182622360675489,0.06,-1.2426223606754891,False,125.49610903383606,8.639999999999983,56.25,0.9923185070446692
145,2022-07-28 04:24:59.999,2022-07-28 12:49:59.999,505.0,SHORT,23140.51,23115.31,0.10901865473574479,0.10901865473574479,0.06,0.0490186547357448,True,125.54512768857181,8.699999999999983,56.55172413793104,0.9941386235383934
146,2022-07-28 12:49:59.999,2022-07-29 00:14:59.999,685.0,LONG,23115.31,23844.83,3.156003531858324,3.156003531858324,0.06,3.0960035318583246,True,128.64113122043014,8.759999999999984,56.849315068493155,0.9935633798189258
147,2022-07-29 00:14:59.999,2022-07-30 13:14:59.999,2220.0,SHORT,23844.83,24496.39,-2.6598204878351366,-2.6598204878351366,0.06,-2.7198204878351366,False,125.921310732595,8.819999999999984,56.4625850340136,0.9921906053342033
148,2022-07-30 13:14:59.999,2022-07-30 19:54:59.999,400.0,LONG,24496.39,23961.5,-2.183546228648382,-2.183546228648382,0.06,-2.2435462286483823,False,123.67776450394662,8.879999999999985,56.08108108108109,0.991550296564421
149,2022-07-30 19:54:59.999,2022-07-31 18:54:59.999,1380.0,SHORT,23961.5,23744.72,0.9129608603512647,0.9129608603512647,0.06,0.8529608603512647,True,124.53072536429788,8.939999999999985,56.375838926174495,0.9932337927533721
150,2022-07-31 18:54:59.999,2022-07-31 18:59:59.999,5.0,LONG,23744.72,23746.77,0.008633498310358144,0.008633498310358144,0.06,-0.051366501689641846,False,124.47935886260824,8.999999999999986,56.00000000000001,0.9929907487614112
151,2022-07-31 18:59:59.999,2022-08-02 14:34:59.999,2615.0,SHORT,23746.77,22740.97,4.422854434089659,4.422854434089659,0.06,4.36285443408966,True,128.8422132966979,9.059999999999986,56.29139072847682,0.9898658322593976
152,2022-08-02 14:34:59.999,2022-08-04 08:19:59.999,2505.0,LONG,22740.97,22868.08,0.5589471337414392,0.5589471337414392,0.06,0.4989471337414393,True,129.34116043043934,9.119999999999987,56.57894736842105,0.9909144766319872
153,2022-08-04 08:19:59.999,2022-08-05 23:59:59.999,2380.0,SHORT,22868.08,23312.42,-1.906022626565567,-1.906022626565567,0.06,-1.9660226265655671,False,127.37513780387378,9.179999999999987,56.209150326797385,0.9903027127687768
154,2022-08-19 06:44:59.999,2022-08-30 18:09:59.999,16525.0,SHORT,22040.05,19712.21,11.80912743928763,11.80912743928763,0.06,11.74912743928763,True,139.1242652431614,9.239999999999988,56.493506493506494,0.9904490711085832
155,2022-09-30 16:59:59.999,2022-10-13 16:49:59.999,18710.0,SHORT,19712.63,19147.16,2.9532839334919703,2.9532839334919703,0.06,2.8932839334919707,True,142.01754917665338,9.299999999999988,56.774193548387096,0.9912811216314915
156,2022-11-04 17:24:59.999,2022-11-08 16:09:59.999,5685.0,SHORT,20787.42,20196.59,2.925394831503725,2.925394831503725,0.06,2.8653948315037248,True,144.8829440081571,9.359999999999989,57.05128205128205,0.9911045549912311
157,2022-12-16 09:24:59.999,2022-12-20 02:59:59.999,5375.0,SHORT,17037.88,16721.05,1.894797276486834,1.894797276486834,0.06,1.8347972764868339,True,146.71774128464392,9.41999999999999,57.324840764331206,0.9885032493205718
158,2023-02-01 23:59:59.999,2023-02-17 22:24:59.999,22945.0,LONG,23732.66,24333.54,2.5318695839404475,2.5318695839404475,0.06,2.4718695839404474,True,149.18961086858437,9.47999999999999,57.59493670886076,0.9895285945972464
159,2023-02-17 22:24:59.999,2023-02-21 18:04:59.999,5500.0,SHORT,24333.54,24737.08,-1.6313162264907617,-1.6313162264907617,0.06,-1.6913162264907615,False,147.4982946420936,9.53999999999999,57.23270440251572,0.9890357256441505
160,2023-02-21 18:04:59.999,2023-02-24 17:04:59.999,4260.0,LONG,24737.08,23160.7,-6.372538715159594,-6.372538715159594,0.06,-6.432538715159594,False,141.06575592693403,9.59999999999999,56.875,0.9857965567337991
161,2023-02-24 17:04:59.999,2023-02-28 16:09:59.999,5705.0,SHORT,23160.7,23565.93,-1.719558701905673,-1.719558701905673,0.06,-1.779558701905673,False,139.28619722502836,9.659999999999991,56.52173913043478,0.9837546893328829
162,2023-02-28 16:09:59.999,2023-03-03 01:29:59.999,3440.0,LONG,23565.93,22852.03,-3.0293733368468865,-3.0293733368468865,0.06,-3.089373336846886,False,136.19682388818148,9.719999999999992,56.17283950617284,0.983208790737693
163,2023-03-03 01:29:59.999,2023-03-07 15:59:59.999,6630.0,SHORT,22852.03,22320.9,2.3795187470039174,2.3795187470039174,0.06,2.3195187470039174,True,138.5163426351854,9.779999999999992,56.44171779141104,0.9845806309387483
164,2023-03-07 15:59:59.999,2023-04-14 00:59:59.999,53820.0,LONG,22320.9,30745.73,37.74413218105004,37.74413218105004,0.06,37.68413218105004,True,176.20047481623544,9.839999999999993,56.70731707317073,0.9846138165832091
165,2023-04-14 00:59:59.999,2023-04-25 18:04:59.999,16865.0,SHORT,30745.73,27558.58,11.56500080918537,11.56500080918537,0.06,11.50500080918537,True,187.7054756254208,9.899999999999993,56.96969696969697,0.9844921468222789
166,2023-04-25 18:04:59.999,2023-05-01 01:44:59.999,7660.0,LONG,27558.58,28677.1,4.058699686268294,4.058699686268294,0.06,3.9986996862682935,True,191.70417531168908,9.959999999999994,57.22891566265061,0.9809300917079673
167,2023-05-01 01:44:59.999,2023-05-02 14:34:59.999,2210.0,SHORT,28677.1,28394.86,0.9939827137728375,0.9939827137728375,0.06,0.9339827137728376,True,192.63815802546193,10.019999999999994,57.48502994011976,0.9849406870352079
168,2023-05-02 14:34:59.999,2023-05-08 01:49:59.999,7875.0,LONG,28394.86,28159.16,-0.830079810219176,-0.830079810219176,0.06,-0.890079810219176,False,191.74807821524277,10.079999999999995,57.14285714285714,0.9849289789431839
169,2023-05-08 01:49:59.999,2023-05-09 18:09:59.999,2420.0,SHORT,28159.16,27637.35,1.8880609030894835,1.8880609030894835,0.06,1.8280609030894834,True,193.57613911833226,10.139999999999995,57.396449704142015,0.9862900440820185
170,2023-05-09 18:09:59.999,2023-06-23 17:39:59.999,64770.0,LONG,27637.35,31100.47,12.530579089529217,12.530579089529217,0.06,12.470579089529217,True,206.0467182078615,10.199999999999996,57.647058823529406,0.9852008913681415
171,2023-06-23 17:39:59.999,2023-06-27 18:04:59.999,5785.0,SHORT,31100.47,30703.53,1.2928155166523274,1.2928155166523274,0.06,1.2328155166523276,True,207.2795337245138,10.259999999999996,57.89473684210527,0.9839603012079662
172,2023-06-27 18:04:59.999,2023-06-30 14:04:59.999,4080.0,LONG,30703.53,30062.84,-2.0866981744444324,-2.0866981744444324,0.06,-2.1466981744444324,False,205.1328355500694,10.319999999999997,57.55813953488372,0.9833316287468065
173,2023-06-30 14:04:59.999,2023-08-17 21:49:59.999,69585.0,SHORT,30062.84,25999.96,15.626485579208587,15.626485579208587,0.06,15.566485579208589,True,220.69932112927796,10.379999999999997,57.80346820809249,0.9822496317047319
174,2023-08-17 21:49:59.999,2023-09-01 15:34:59.999,21225.0,LONG,25999.96,25890.31,-0.42173141804832703,-0.42173141804832703,0.06,-0.48173141804832703,False,220.21758971122964,10.439999999999998,57.47126436781609,0.9827546204093067
175,2023-09-01 15:34:59.999,2023-09-12 03:24:59.999,15110.0,SHORT,25890.31,25812.49,0.30148195699058755,0.30148195699058755,0.06,0.24148195699058755,True,220.45907166822022,10.499999999999998,57.714285714285715,0.9815167971512918
176,2023-09-12 03:24:59.999,2023-10-06 13:59:59.999,35195.0,LONG,25812.49,27526.1,6.638685380604493,6.638685380604493,0.06,6.578685380604493,True,227.03775704882472,10.559999999999999,57.95454545454546,0.9813593298049627
177,2023-10-06 13:59:59.999,2023-10-16 13:34:59.999,14375.0,SHORT,27526.1,29215.88,-5.783772386797873,-5.783772386797873,0.06,-5.843772386797873,False,221.19398466202685,10.62,57.6271186440678,0.9791443016175926
178,2023-10-16 13:34:59.999,2023-10-23 22:59:59.999,10645.0,LONG,29215.88,33315.92,14.033600904713452,14.033600904713452,0.06,13.973600904713454,True,235.1675855667403,10.68,57.865168539325836,0.9775056735950228
179,2023-10-23 22:59:59.999,2023-10-24 00:04:59.999,65.0,SHORT,33315.92,33023.4,0.885796132439412,0.885796132439412,0.06,0.8257961324394121,True,235.99338169917974,10.74,58.10055865921788,0.9804493349724593
180,2023-10-24 00:04:59.999,2023-11-03 00:59:59.999,14455.0,LONG,33023.4,34510.29,4.502534566398371,4.502534566398371,0.06,4.44253456639837,True,240.4359162655781,10.8,58.333333333333336,0.980238862134036
181,2023-11-03 00:59:59.999,2023-11-07 18:14:59.999,6795.0,SHORT,34510.29,35279.37,-2.179970900840921,-2.179970900840921,0.06,-2.239970900840921,False,238.19594536473718,10.860000000000001,58.011049723756905,0.980194374939236
182,2023-11-07 18:14:59.999,2023-11-09 15:49:59.999,2735.0,LONG,35279.37,37290.63,5.700952142852875,5.700952142852875,0.06,5.640952142852875,True,243.83689750759007,10.920000000000002,58.24175824175825,0.9785364742438883
183,2023-11-09 15:49:59.999,2023-11-09 18:34:59.999,165.0,SHORT,37290.63,36389.05,2.4776134578945985,2.4776134578945985,0.06,2.4176134578945985,True,246.25451096548466,10.980000000000002,58.46994535519126,0.9763858248165382
184,2023-11-09 18:34:59.999,2023-11-10 00:59:59.999,385.0,LONG,36389.05,36494.67,0.2902521500286359,0.2902521500286359,0.06,0.23025215002863592,True,246.4847631155133,11.040000000000003,58.69565217391305,0.9768037661268705
185,2023-11-10 00:59:59.999,2023-11-14 21:14:59.999,6975.0,SHORT,36494.67,35240.0,3.560357548240631,3.560357548240631,0.06,3.5003575482406304,True,249.98512066375392,11.100000000000003,58.91891891891892,0.9761158287063584
186,2023-11-14 21:14:59.999,2023-11-17 00:59:59.999,3105.0,LONG,35240.0,36368.01,3.2009364358683374,3.2009364358683374,0.06,3.140936435868337,True,253.12605709962224,11.160000000000004,59.13978494623656,0.976086767541049
187,2023-11-17 00:59:59.999,2023-11-21 17:59:59.999,6780.0,SHORT,36368.01,36901.99,-1.4470222337602823,-1.4470222337602823,0.06,-1.507022233760282,False,251.61903486586195,11.220000000000004,58.82352941176471,0.9790618400976232
188,2023-11-21 17:59:59.999,2023-11-24 11:59:59.999,3960.0,LONG,36901.99,37741.99,2.2763000044171062,2.2763000044171062,0.06,2.216300004417106,True,253.83533487027904,11.280000000000005,59.04255319148937,0.97789288729514
189,2023-11-24 11:59:59.999,2023-11-28 18:04:59.999,6125.0,SHORT,37741.99,38063.18,-0.8438338572867594,-0.8438338572867594,0.06,-0.9038338572867594,False,252.93150101299227,11.340000000000005,58.730158730158735,0.9771755467211305
190,2023-11-28 18:04:59.999,2023-12-01 17:24:59.999,4280.0,LONG,38063.18,38783.56,1.8925901619360161,1.8925901619360161,0.06,1.8325901619360163,True,254.7640911749283,11.400000000000006,58.94736842105262,0.9800282688817196
191,2023-12-01 17:24:59.999,2023-12-05 17:59:59.999,5795.0,SHORT,38783.56,43377.87,-10.591368363637967,-10.591368363637967,0.06,-10.651368363637967,False,244.11272281129033,11.460000000000006,58.63874345549738,0.9811041075579428
192,2023-12-05 17:59:59.999,2023-12-08 15:14:59.999,4155.0,LONG,43377.87,43866.11,1.1255508857396592,1.1255508857396592,0.06,1.0655508857396592,True,245.17827369703,11.520000000000007,58.854166666666664,0.9809560634552845
193,2023-12-08 15:14:59.999,2023-12-12 18:29:59.999,5955.0,SHORT,43866.11,41398.09,5.961676009690312,5.961676009690312,0.06,5.901676009690312,True,251.0799497067203,11.580000000000007,59.067357512953365,0.9834530118108061
194,2023-12-12 18:29:59.999,2023-12-14 14:04:59.999,2615.0,LONG,41398.09,42450.0,2.5409626386144955,2.5409626386144955,0.06,2.4809626386144954,True,253.5609123453348,11.640000000000008,59.27835051546392,0.9833592131756399
195,2023-12-14 14:04:59.999,2024-01-03 12:19:59.999,28695.0,SHORT,42450.0,42058.0,0.9320462218840648,0.9320462218840648,0.06,0.8720462218840649,True,254.43295856721886,11.700000000000008,59.48717948717949,0.9817696960759635
196,2024-01-03 12:19:59.999,2024-01-05 01:34:59.999,2235.0,LONG,42058.0,43934.99,4.462860811260636,4.462860811260636,0.06,4.402860811260635,True,258.83581937847947,11.760000000000009,59.693877551020414,0.9786795852725954
197,2024-01-05 01:34:59.999,2024-01-08 18:44:59.999,5350.0,SHORT,43934.99,46917.77,-6.357463280970086,-6.357463280970086,0.06,-6.417463280970087,False,252.4183560975094,11.82000000000001,59.390862944162436,0.9802892577206566
198,2024-01-08 18:44:59.999,2024-01-09 01:34:59.999,410.0,LONG,46917.77,46479.84,-0.9333990085206528,-0.9333990085206528,0.06,-0.9933990085206528,False,251.42495708898875,11.88000000000001,59.09090909090909,0.9824160681079034
199,2024-01-09 01:34:59.999,2024-01-09 21:19:59.999,1185.0,SHORT,46479.84,46522.02,-0.09066674232976189,-0.09066674232976189,0.06,-0.1506667423297619,False,251.27429034665897,11.94000000000001,58.79396984924623,0.9829481533639595
200,2024-01-09 21:19:59.999,2024-01-11 00:59:59.999,1660.0,LONG,46522.02,46670.01,0.31810742525798585,0.31810742525798585,0.06,0.2581074252579859,True,251.53239777191695,12.00000000000001,59.0,0.9824099263224578
201,2024-01-11 00:59:59.999,2024-01-16 15:59:59.999,8100.0,SHORT,46670.01,43252.67,7.900876408323472,7.900876408323472,0.06,7.840876408323472,True,259.3732741802404,12.060000000000011,59.20398009950249,0.9832785861176796
202,2024-01-16 15:59:59.999,2024-01-19 15:44:59.999,4305.0,LONG,43252.67,40840.82,-5.5761875509650585,-5.5761875509650585,0.06,-5.636187550965059,False,253.73708662927535,12.120000000000012,58.91089108910891,0.9833059553997185
203,2024-01-19 15:44:59.999,2024-01-23 12:09:59.999,5545.0,SHORT,40840.82,38960.65,4.825817844414808,4.825817844414808,0.06,4.7658178444148085,True,258.50290447369014,12.180000000000012,59.11330049261084,0.9846961521682236
204,2024-01-23 12:09:59.999,2024-01-26 15:04:59.999,4495.0,LONG,38960.65,41437.91,6.358364144335379,6.358364144335379,0.06,6.2983641443353795,True,264.8012686180255,12.240000000000013,59.31372549019608,0.9832469754322636
205,2024-01-26 15:04:59.999,2024-01-27 23:59:59.999,1975.0,SHORT,41437.91,42120.63,-1.620868443800565,-1.620868443800565,0.06,-1.680868443800565,False,263.1204001742249,12.300000000000013,59.02439024390244,0.983218760899615
206,2024-01-27 23:59:59.999,2024-03-04 00:59:59.999,51900.0,LONG,42120.63,63459.3,50.660851938824294,50.660851938824294,0.06,50.600851938824285,True,313.7212521130492,12.360000000000014,59.22330097087378,0.982631290869015
207,2024-03-04 00:59:59.999,2024-03-04 16:29:59.999,930.0,SHORT,63459.3,66344.95,-4.349464427963235,-4.349464427963235,0.06,-4.409464427963235,False,309.31178768508596,12.420000000000014,58.93719806763285,0.9823339016133772
208,2024-03-04 16:29:59.999,2024-03-08 17:04:59.999,5795.0,LONG,66344.95,67982.02,2.4675125989242694,2.4675125989242694,0.06,2.4075125989242694,True,311.7193002840102,12.480000000000015,59.13461538461539,0.9825634940002174
209,2024-03-08 17:04:59.999,2024-03-11 07:19:59.999,3735.0,SHORT,67982.02,70353.17,-3.3703527502740735,-3.3703527502740735,0.06,-3.430352750274074,False,308.2889475337361,12.540000000000015,58.85167464114832,0.9824366118793135
210,2024-03-11 07:19:59.999,2024-03-15 03:59:59.999,5560.0,LONG,70353.17,68224.01,-3.02638814995828,-3.02638814995828,0.06,-3.08638814995828,False,305.20255938377784,12.600000000000016,58.57142857142858,0.9829121118800808
211,2024-03-15 03:59:59.999,2024-03-16 00:14:59.999,1215.0,SHORT,68224.01,69772.0,-2.218640715473263,-2.218640715473263,0.06,-2.278640715473263,False,302.92391866830457,12.660000000000016,58.29383886255924,0.9807540268615971
212,2024-03-16 00:14:59.999,2024-04-12 19:59:59.999,40065.0,LONG,69772.0,66843.98,-4.19655449177321,-4.19655449177321,0.06,-4.25655449177321,False,298.66736417653135,12.720000000000017,58.01886792452831,0.9800278473643659
213,2024-04-12 19:59:59.999,2024-04-13 18:24:59.999,1345.0,SHORT,66843.98,66867.99,-0.035906567551992084,-0.035906567551992084,0.06,-0.09590656755199209,False,298.57145760897936,12.780000000000017,57.74647887323944,0.9813062884263882
